Number,Cumulative Number,State,Region,Year,Spending (in Millions of Dollars),,,,
1,1,Alabama,Southeast,1991,261,,,Max Years,24
1,2,Alabama,Southeast,1992,429,,,,
1,3,Alabama,Southeast,1993,486,,,,
1,4,Alabama,Southeast,1994,533,,,,
1,5,Alabama,Southeast,1995,595,,,,
1,6,Alabama,Southeast,1996,623,,,,
1,7,Alabama,Southeast,1997,419,,,,
1,8,Alabama,Southeast,1998,566,,,,
1,9,Alabama,Southeast,1999,599,,,,
1,10,Alabama,Southeast,2000,792,,,,
1,11,Alabama,Southeast,2001,711,,,,
1,12,Alabama,Southeast,2002,778,,,,
1,13,Alabama,Southeast,2003,875,,,,
1,14,Alabama,Southeast,2004,946,,,,
1,15,Alabama,Southeast,2005,1138,,,,
1,16,Alabama,Southeast,2006,1046,,,,
1,17,Alabama,Southeast,2007,897,,,,
1,18,Alabama,Southeast,2008,1089,,,,
1,19,Alabama,Southeast,2009,1246,,,,
1,20,Alabama,Southeast,2010,2140,,,,
1,21,Alabama,Southeast,2011,1687,,,,
1,22,Alabama,Southeast,2012,2101,,,,
1,23,Alabama,Southeast,2013,1959,,,,
1,24,Alabama,Southeast,2014,2115,,,,
2,1,Alaska,Far West,1991,74,,,,
2,2,Alaska,Far West,1992,91,,,,
2,3,Alaska,Far West,1993,128,,,,
2,4,Alaska,Far West,1994,107,,,,
2,5,Alaska,Far West,1995,110,,,,
2,6,Alaska,Far West,1996,132,,,,
2,7,Alaska,Far West,1997,129,,,,
2,8,Alaska,Far West,1998,129,,,,
2,9,Alaska,Far West,1999,132,,,,
2,10,Alaska,Far West,2000,177,,,,
2,11,Alaska,Far West,2001,213,,,,
2,12,Alaska,Far West,2002,251,,,,
2,13,Alaska,Far West,2003,332,,,,
2,14,Alaska,Far West,2004,283,,,,
2,15,Alaska,Far West,2005,283,,,,
2,16,Alaska,Far West,2006,333,,,,
2,17,Alaska,Far West,2007,327,,,,
2,18,Alaska,Far West,2008,316,,,,
2,19,Alaska,Far West,2009,367,,,,
2,20,Alaska,Far West,2010,366,,,,
2,21,Alaska,Far West,2011,386,,,,
2,22,Alaska,Far West,2012,400,,,,
2,23,Alaska,Far West,2013,363,,,,
2,24,Alaska,Far West,2014,372,,,,
3,1,Arizona,Southwest,1991,608,,,,
3,2,Arizona,Southwest,1992,850,,,,
3,3,Arizona,Southwest,1993,854,,,,
3,4,Arizona,Southwest,1994,951,,,,
3,5,Arizona,Southwest,1995,937,,,,
3,6,Arizona,Southwest,1996,938,,,,
3,7,Arizona,Southwest,1997,944,,,,
3,8,Arizona,Southwest,1998,981,,,,
3,9,Arizona,Southwest,1999,1119,,,,
3,10,Arizona,Southwest,2000,1107,,,,
3,11,Arizona,Southwest,2001,1422,,,,
3,12,Arizona,Southwest,2002,1729,,,,
3,13,Arizona,Southwest,2003,1982,,,,
3,14,Arizona,Southwest,2004,2249,,,,
3,15,Arizona,Southwest,2005,2457,,,,
3,16,Arizona,Southwest,2006,2611,,,,
3,17,Arizona,Southwest,2007,2763,,,,
3,18,Arizona,Southwest,2008,2952,,,,
3,19,Arizona,Southwest,2009,3263,,,,
3,20,Arizona,Southwest,2010,3251,,,,
3,21,Arizona,Southwest,2011,3148,,,,
3,22,Arizona,Southwest,2012,3161,,,,
3,23,Arizona,Southwest,2013,3311,,,,
3,24,Arizona,Southwest,2014,3495,,,,
4,1,Arkansas,Southeast,1991,343,,,,
4,2,Arkansas,Southeast,1992,376,,,,
4,3,Arkansas,Southeast,1993,408,,,,
4,4,Arkansas,Southeast,1994,391,,,,
4,5,Arkansas,Southeast,1995,396,,,,
4,6,Arkansas,Southeast,1996,409,,,,
4,7,Arkansas,Southeast,1997,429,,,,
4,8,Arkansas,Southeast,1998,439,,,,
4,9,Arkansas,Southeast,1999,450,,,,
4,10,Arkansas,Southeast,2000,487,,,,
4,11,Arkansas,Southeast,2001,643,,,,
4,12,Arkansas,Southeast,2002,810,,,,
4,13,Arkansas,Southeast,2003,753,,,,
4,14,Arkansas,Southeast,2004,822,,,,
4,15,Arkansas,Southeast,2005,820,,,,
4,16,Arkansas,Southeast,2006,848,,,,
4,17,Arkansas,Southeast,2007,1003,,,,
4,18,Arkansas,Southeast,2008,973,,,,
4,19,Arkansas,Southeast,2009,1038,,,,
4,20,Arkansas,Southeast,2010,1311,,,,
4,21,Arkansas,Southeast,2011,1261,,,,
4,22,Arkansas,Southeast,2012,1304,,,,
4,23,Arkansas,Southeast,2013,1334,,,,
4,24,Arkansas,Southeast,2014,1565,,,,
5,1,California,Far West,1991,4880,,,,
5,2,California,Far West,1992,5176,,,,
5,3,California,Far West,1993,6100,,,,
5,4,California,Far West,1994,6369,,,,
5,5,California,Far West,1995,6951,,,,
5,6,California,Far West,1996,7704,,,,
5,7,California,Far West,1997,7519,,,,
5,8,California,Far West,1998,8130,,,,
5,9,California,Far West,1999,9595,,,,
5,10,California,Far West,2000,9054,,,,
5,11,California,Far West,2001,10804,,,,
5,12,California,Far West,2002,10453,,,,
5,13,California,Far West,2003,12850,,,,
5,14,California,Far West,2004,12559,,,,
5,15,California,Far West,2005,13412,,,,
5,16,California,Far West,2006,12771,,,,
5,17,California,Far West,2007,13159,,,,
5,18,California,Far West,2008,15217,,,,
5,19,California,Far West,2009,15533,,,,
5,20,California,Far West,2010,16557,,,,
5,21,California,Far West,2011,18160,,,,
5,22,California,Far West,2012,20237,,,,
5,23,California,Far West,2013,22734,,,,
5,24,California,Far West,2014,24761,,,,
6,1,Colorado,Rocky Mountains,1991,290,,,,
6,2,Colorado,Rocky Mountains,1992,427,,,,
6,3,Colorado,Rocky Mountains,1993,473,,,,
6,4,Colorado,Rocky Mountains,1994,543,,,,
6,5,Colorado,Rocky Mountains,1995,596,,,,
6,6,Colorado,Rocky Mountains,1996,548,,,,
6,7,Colorado,Rocky Mountains,1997,547,,,,
6,8,Colorado,Rocky Mountains,1998,599,,,,
6,9,Colorado,Rocky Mountains,1999,633,,,,
6,10,Colorado,Rocky Mountains,2000,703,,,,
6,11,Colorado,Rocky Mountains,2001,729,,,,
6,12,Colorado,Rocky Mountains,2002,800,,,,
6,13,Colorado,Rocky Mountains,2003,816,,,,
6,14,Colorado,Rocky Mountains,2004,877,,,,
6,15,Colorado,Rocky Mountains,2005,912,,,,
6,16,Colorado,Rocky Mountains,2006,968,,,,
6,17,Colorado,Rocky Mountains,2007,1014,,,,
6,18,Colorado,Rocky Mountains,2008,1101,,,,
6,19,Colorado,Rocky Mountains,2009,1202,,,,
6,20,Colorado,Rocky Mountains,2010,1669,,,,
6,21,Colorado,Rocky Mountains,2011,1780,,,,
6,22,Colorado,Rocky Mountains,2012,1976,,,,
6,23,Colorado,Rocky Mountains,2013,2119,,,,
6,24,Colorado,Rocky Mountains,2014,2460,,,,
7,1,Connecticut,New England,1991,477,,,,
7,2,Connecticut,New England,1992,456,,,,
7,3,Connecticut,New England,1993,526,,,,
7,4,Connecticut,New England,1994,667,,,,
7,5,Connecticut,New England,1995,785,,,,
7,6,Connecticut,New England,1996,880,,,,
7,7,Connecticut,New England,1997,967,,,,
7,8,Connecticut,New England,1998,837,,,,
7,9,Connecticut,New England,1999,791,,,,
7,10,Connecticut,New England,2000,780,,,,
7,11,Connecticut,New England,2001,766,,,,
7,12,Connecticut,New England,2002,844,,,,
7,13,Connecticut,New England,2003,862,,,,
7,14,Connecticut,New England,2004,946,,,,
7,15,Connecticut,New England,2005,942,,,,
7,16,Connecticut,New England,2006,1024,,,,
7,17,Connecticut,New England,2007,1084,,,,
7,18,Connecticut,New England,2008,1191,,,,
7,19,Connecticut,New England,2009,1283,,,,
7,20,Connecticut,New England,2010,1330,,,,
7,21,Connecticut,New England,2011,1582,,,,
7,22,Connecticut,New England,2012,2274,,,,
7,23,Connecticut,New England,2013,2103,,,,
7,24,Connecticut,New England,2014,2236,,,,
8,1,Delaware,Mideast,1991,77,,,,
8,2,Delaware,Mideast,1992,83,,,,
8,3,Delaware,Mideast,1993,91,,,,
8,4,Delaware,Mideast,1994,98,,,,
8,5,Delaware,Mideast,1995,112,,,,
8,6,Delaware,Mideast,1996,125,,,,
8,7,Delaware,Mideast,1997,97,,,,
8,8,Delaware,Mideast,1998,124,,,,
8,9,Delaware,Mideast,1999,111,,,,
8,10,Delaware,Mideast,2000,130,,,,
8,11,Delaware,Mideast,2001,141,,,,
8,12,Delaware,Mideast,2002,155,,,,
8,13,Delaware,Mideast,2003,187,,,,
8,14,Delaware,Mideast,2004,215,,,,
8,15,Delaware,Mideast,2005,259,,,,
8,16,Delaware,Mideast,2006,302,,,,
8,17,Delaware,Mideast,2007,323,,,,
8,18,Delaware,Mideast,2008,320,,,,
8,19,Delaware,Mideast,2009,334,,,,
8,20,Delaware,Mideast,2010,378,,,,
8,21,Delaware,Mideast,2011,424,,,,
8,22,Delaware,Mideast,2012,523,,,,
8,23,Delaware,Mideast,2013,491,,,,
8,24,Delaware,Mideast,2014,549,,,,
9,1,District of Columbia,Mideast,1991,272,,,,
9,2,District of Columbia,Mideast,1992,284,,,,
9,3,District of Columbia,Mideast,1993,345,,,,
9,4,District of Columbia,Mideast,1994,396,,,,
9,5,District of Columbia,Mideast,1995,367,,,,
9,6,District of Columbia,Mideast,1996,386,,,,
9,7,District of Columbia,Mideast,1997,440,,,,
9,8,District of Columbia,Mideast,1998,482,,,,
9,9,District of Columbia,Mideast,1999,423,,,,
9,10,District of Columbia,Mideast,2000,447,,,,
9,11,District of Columbia,Mideast,2001,418,,,,
9,12,District of Columbia,Mideast,2002,448,,,,
9,13,District of Columbia,Mideast,2003,477,,,,
9,14,District of Columbia,Mideast,2004,483,,,,
9,15,District of Columbia,Mideast,2005,565,,,,
9,16,District of Columbia,Mideast,2006,542,,,,
9,17,District of Columbia,Mideast,2007,596,,,,
9,18,District of Columbia,Mideast,2008,556,,,,
9,19,District of Columbia,Mideast,2009,588,,,,
9,20,District of Columbia,Mideast,2010,599,,,,
9,21,District of Columbia,Mideast,2011,652,,,,
9,22,District of Columbia,Mideast,2012,677,,,,
9,23,District of Columbia,Mideast,2013,727,,,,
9,24,District of Columbia,Mideast,2014,681,,,,
10,1,Florida,Southeast,1991,1388,,,,
10,2,Florida,Southeast,1992,1631,,,,
10,3,Florida,Southeast,1993,1865,,,,
10,4,Florida,Southeast,1994,1936,,,,
10,5,Florida,Southeast,1995,2046,,,,
10,6,Florida,Southeast,1996,2022,,,,
10,7,Florida,Southeast,1997,1955,,,,
10,8,Florida,Southeast,1998,2115,,,,
10,9,Florida,Southeast,1999,2098,,,,
10,10,Florida,Southeast,2000,2337,,,,
10,11,Florida,Southeast,2001,2546,,,,
10,12,Florida,Southeast,2002,3037,,,,
10,13,Florida,Southeast,2003,3403,,,,
10,14,Florida,Southeast,2004,4091,,,,
10,15,Florida,Southeast,2005,4123,,,,
10,16,Florida,Southeast,2006,4624,,,,
10,17,Florida,Southeast,2007,4893,,,,
10,18,Florida,Southeast,2008,5418,,,,
10,19,Florida,Southeast,2009,5746,,,,
10,20,Florida,Southeast,2010,6796,,,,
10,21,Florida,Southeast,2011,6833,,,,
10,22,Florida,Southeast,2012,6817,,,,
10,23,Florida,Southeast,2013,6999,,,,
10,24,Florida,Southeast,2014,7833,,,,
11,1,Georgia,Southeast,1991,836,,,,
11,2,Georgia,Southeast,1992,874,,,,
11,3,Georgia,Southeast,1993,1064,,,,
11,4,Georgia,Southeast,1994,1241,,,,
11,5,Georgia,Southeast,1995,1295,,,,
11,6,Georgia,Southeast,1996,1387,,,,
11,7,Georgia,Southeast,1997,1352,,,,
11,8,Georgia,Southeast,1998,1438,,,,
11,9,Georgia,Southeast,1999,1476,,,,
11,10,Georgia,Southeast,2000,2017,,,,
11,11,Georgia,Southeast,2001,2793,,,,
11,12,Georgia,Southeast,2002,3162,,,,
11,13,Georgia,Southeast,2003,3399,,,,
11,14,Georgia,Southeast,2004,2916,,,,
11,15,Georgia,Southeast,2005,3035,,,,
11,16,Georgia,Southeast,2006,2790,,,,
11,17,Georgia,Southeast,2007,3217,,,,
11,18,Georgia,Southeast,2008,3102,,,,
11,19,Georgia,Southeast,2009,2965,,,,
11,20,Georgia,Southeast,2010,3188,,,,
11,21,Georgia,Southeast,2011,3547,,,,
11,22,Georgia,Southeast,2012,3356,,,,
11,23,Georgia,Southeast,2013,3755,,,,
11,24,Georgia,Southeast,2014,3730,,,,
12,1,Hawaii,Far West,1991,104,,,,
12,2,Hawaii,Far West,1992,110,,,,
12,3,Hawaii,Far West,1993,149,,,,
12,4,Hawaii,Far West,1994,210,,,,
12,5,Hawaii,Far West,1995,307,,,,
12,6,Hawaii,Far West,1996,263,,,,
12,7,Hawaii,Far West,1997,288,,,,
12,8,Hawaii,Far West,1998,244,,,,
12,9,Hawaii,Far West,1999,256,,,,
12,10,Hawaii,Far West,2000,251,,,,
12,11,Hawaii,Far West,2001,245,,,,
12,12,Hawaii,Far West,2002,284,,,,
12,13,Hawaii,Far West,2003,284,,,,
12,14,Hawaii,Far West,2004,347,,,,
12,15,Hawaii,Far West,2005,373,,,,
12,16,Hawaii,Far West,2006,372,,,,
12,17,Hawaii,Far West,2007,407,,,,
12,18,Hawaii,Far West,2008,389,,,,
12,19,Hawaii,Far West,2009,389,,,,
12,20,Hawaii,Far West,2010,487,,,,
12,21,Hawaii,Far West,2011,568,,,,
12,22,Hawaii,Far West,2012,406,,,,
12,23,Hawaii,Far West,2013,511,,,,
12,24,Hawaii,Far West,2014,614,,,,
13,1,Idaho,Rocky Mountains,1991,78,,,,
13,2,Idaho,Rocky Mountains,1992,82,,,,
13,3,Idaho,Rocky Mountains,1993,87,,,,
13,4,Idaho,Rocky Mountains,1994,91,,,,
13,5,Idaho,Rocky Mountains,1995,97,,,,
13,6,Idaho,Rocky Mountains,1996,117,,,,
13,7,Idaho,Rocky Mountains,1997,113,,,,
13,8,Idaho,Rocky Mountains,1998,129,,,,
13,9,Idaho,Rocky Mountains,1999,140,,,,
13,10,Idaho,Rocky Mountains,2000,157,,,,
13,11,Idaho,Rocky Mountains,2001,182,,,,
13,12,Idaho,Rocky Mountains,2002,199,,,,
13,13,Idaho,Rocky Mountains,2003,210,,,,
13,14,Idaho,Rocky Mountains,2004,257,,,,
13,15,Idaho,Rocky Mountains,2005,230,,,,
13,16,Idaho,Rocky Mountains,2006,250,,,,
13,17,Idaho,Rocky Mountains,2007,286,,,,
13,18,Idaho,Rocky Mountains,2008,305,,,,
13,19,Idaho,Rocky Mountains,2009,341,,,,
13,20,Idaho,Rocky Mountains,2010,408,,,,
13,21,Idaho,Rocky Mountains,2011,414,,,,
13,22,Idaho,Rocky Mountains,2012,548,,,,
13,23,Idaho,Rocky Mountains,2013,571,,,,
13,24,Idaho,Rocky Mountains,2014,530,,,,
14,1,Illinois,Great Lakes,1991,1119,,,,
14,2,Illinois,Great Lakes,1992,1767,,,,
14,3,Illinois,Great Lakes,1993,2343,,,,
14,4,Illinois,Great Lakes,1994,2516,,,,
14,5,Illinois,Great Lakes,1995,2691,,,,
14,6,Illinois,Great Lakes,1996,3021,,,,
14,7,Illinois,Great Lakes,1997,3069,,,,
14,8,Illinois,Great Lakes,1998,3027,,,,
14,9,Illinois,Great Lakes,1999,3019,,,,
14,10,Illinois,Great Lakes,2000,3486,,,,
14,11,Illinois,Great Lakes,2001,3409,,,,
14,12,Illinois,Great Lakes,2002,3628,,,,
14,13,Illinois,Great Lakes,2003,4137,,,,
14,14,Illinois,Great Lakes,2004,4257,,,,
14,15,Illinois,Great Lakes,2005,4823,,,,
14,16,Illinois,Great Lakes,2006,4826,,,,
14,17,Illinois,Great Lakes,2007,6108,,,,
14,18,Illinois,Great Lakes,2008,5913,,,,
14,19,Illinois,Great Lakes,2009,7369,,,,
14,20,Illinois,Great Lakes,2010,7753,,,,
14,21,Illinois,Great Lakes,2011,5995,,,,
14,22,Illinois,Great Lakes,2012,5772,,,,
14,23,Illinois,Great Lakes,2013,7575,,,,
14,24,Illinois,Great Lakes,2014,7121,,,,
15,1,Indiana,Great Lakes,1991,685,,,,
15,2,Indiana,Great Lakes,1992,824,,,,
15,3,Indiana,Great Lakes,1993,1114,,,,
15,4,Indiana,Great Lakes,1994,890,,,,
15,5,Indiana,Great Lakes,1995,804,,,,
15,6,Indiana,Great Lakes,1996,955,,,,
15,7,Indiana,Great Lakes,1997,914,,,,
15,8,Indiana,Great Lakes,1998,1049,,,,
15,9,Indiana,Great Lakes,1999,1203,,,,
15,10,Indiana,Great Lakes,2000,1492,,,,
15,11,Indiana,Great Lakes,2001,1536,,,,
15,12,Indiana,Great Lakes,2002,1423,,,,
15,13,Indiana,Great Lakes,2003,1330,,,,
15,14,Indiana,Great Lakes,2004,1634,,,,
15,15,Indiana,Great Lakes,2005,1435,,,,
15,16,Indiana,Great Lakes,2006,1632,,,,
15,17,Indiana,Great Lakes,2007,1981,,,,
15,18,Indiana,Great Lakes,2008,2387,,,,
15,19,Indiana,Great Lakes,2009,2007,,,,
15,20,Indiana,Great Lakes,2010,1849,,,,
15,21,Indiana,Great Lakes,2011,1630,,,,
15,22,Indiana,Great Lakes,2012,2591,,,,
15,23,Indiana,Great Lakes,2013,2164,,,,
15,24,Indiana,Great Lakes,2014,3113,,,,
16,1,Iowa,Plains,1991,296,,,,
16,2,Iowa,Plains,1992,333,,,,
16,3,Iowa,Plains,1993,391,,,,
16,4,Iowa,Plains,1994,415,,,,
16,5,Iowa,Plains,1995,421,,,,
16,6,Iowa,Plains,1996,451,,,,
16,7,Iowa,Plains,1997,418,,,,
16,8,Iowa,Plains,1998,491,,,,
16,9,Iowa,Plains,1999,484,,,,
16,10,Iowa,Plains,2000,606,,,,
16,11,Iowa,Plains,2001,598,,,,
16,12,Iowa,Plains,2002,785,,,,
16,13,Iowa,Plains,2003,690,,,,
16,14,Iowa,Plains,2004,691,,,,
16,15,Iowa,Plains,2005,690,,,,
16,16,Iowa,Plains,2006,863,,,,
16,17,Iowa,Plains,2007,854,,,,
16,18,Iowa,Plains,2008,924,,,,
16,19,Iowa,Plains,2009,933,,,,
16,20,Iowa,Plains,2010,988,,,,
16,21,Iowa,Plains,2011,1103,,,,
16,22,Iowa,Plains,2012,1244,,,,
16,23,Iowa,Plains,2013,1177,,,,
16,24,Iowa,Plains,2014,1409,,,,
17,1,Kansas,Plains,1991,223,,,,
17,2,Kansas,Plains,1992,296,,,,
17,3,Kansas,Plains,1993,337,,,,
17,4,Kansas,Plains,1994,326,,,,
17,5,Kansas,Plains,1995,297,,,,
17,6,Kansas,Plains,1996,288,,,,
17,7,Kansas,Plains,1997,304,,,,
17,8,Kansas,Plains,1998,291,,,,
17,9,Kansas,Plains,1999,307,,,,
17,10,Kansas,Plains,2000,412,,,,
17,11,Kansas,Plains,2001,421,,,,
17,12,Kansas,Plains,2002,479,,,,
17,13,Kansas,Plains,2003,390,,,,
17,14,Kansas,Plains,2004,486,,,,
17,15,Kansas,Plains,2005,548,,,,
17,16,Kansas,Plains,2006,665,,,,
17,17,Kansas,Plains,2007,697,,,,
17,18,Kansas,Plains,2008,762,,,,
17,19,Kansas,Plains,2009,799,,,,
17,20,Kansas,Plains,2010,814,,,,
17,21,Kansas,Plains,2011,954,,,,
17,22,Kansas,Plains,2012,945,,,,
17,23,Kansas,Plains,2013,796,,,,
17,24,Kansas,Plains,2014,708,,,,
18,1,Kentucky,Southeast,1991,395,,,,
18,2,Kentucky,Southeast,1992,582,,,,
18,3,Kentucky,Southeast,1993,637,,,,
18,4,Kentucky,Southeast,1994,712,,,,
18,5,Kentucky,Southeast,1995,790,,,,
18,6,Kentucky,Southeast,1996,860,,,,
18,7,Kentucky,Southeast,1997,951,,,,
18,8,Kentucky,Southeast,1998,1038,,,,
18,9,Kentucky,Southeast,1999,1025,,,,
18,10,Kentucky,Southeast,2000,1240,,,,
18,11,Kentucky,Southeast,2001,1175,,,,
18,12,Kentucky,Southeast,2002,1303,,,,
18,13,Kentucky,Southeast,2003,1219,,,,
18,14,Kentucky,Southeast,2004,1595,,,,
18,15,Kentucky,Southeast,2005,1378,,,,
18,16,Kentucky,Southeast,2006,1536,,,,
18,17,Kentucky,Southeast,2007,1665,,,,
18,18,Kentucky,Southeast,2008,1617,,,,
18,19,Kentucky,Southeast,2009,2101,,,,
18,20,Kentucky,Southeast,2010,1946,,,,
18,21,Kentucky,Southeast,2011,1990,,,,
18,22,Kentucky,Southeast,2012,1617,,,,
18,23,Kentucky,Southeast,2013,1474,,,,
18,24,Kentucky,Southeast,2014,2629,,,,
19,1,Louisiana,Southeast,1991,819,,,,
19,2,Louisiana,Southeast,1992,970,,,,
19,3,Louisiana,Southeast,1993,1472,,,,
19,4,Louisiana,Southeast,1994,1676,,,,
19,5,Louisiana,Southeast,1995,1455,,,,
19,6,Louisiana,Southeast,1996,1071,,,,
19,7,Louisiana,Southeast,1997,1351,,,,
19,8,Louisiana,Southeast,1998,1150,,,,
19,9,Louisiana,Southeast,1999,1119,,,,
19,10,Louisiana,Southeast,2000,1132,,,,
19,11,Louisiana,Southeast,2001,1617,,,,
19,12,Louisiana,Southeast,2002,1570,,,,
19,13,Louisiana,Southeast,2003,1497,,,,
19,14,Louisiana,Southeast,2004,1771,,,,
19,15,Louisiana,Southeast,2005,2047,,,,
19,16,Louisiana,Southeast,2006,2235,,,,
19,17,Louisiana,Southeast,2007,2349,,,,
19,18,Louisiana,Southeast,2008,2333,,,,
19,19,Louisiana,Southeast,2009,2582,,,,
19,20,Louisiana,Southeast,2010,2624,,,,
19,21,Louisiana,Southeast,2011,2643,,,,
19,22,Louisiana,Southeast,2012,2658,,,,
19,23,Louisiana,Southeast,2013,3211,,,,
19,24,Louisiana,Southeast,2014,2957,,,,
20,1,Maine,New England,1991,133,,,,
20,2,Maine,New England,1992,197,,,,
20,3,Maine,New England,1993,269,,,,
20,4,Maine,New England,1994,301,,,,
20,5,Maine,New England,1995,283,,,,
20,6,Maine,New England,1996,290,,,,
20,7,Maine,New England,1997,349,,,,
20,8,Maine,New England,1998,379,,,,
20,9,Maine,New England,1999,290,,,,
20,10,Maine,New England,2000,282,,,,
20,11,Maine,New England,2001,299,,,,
20,12,Maine,New England,2002,295,,,,
20,13,Maine,New England,2003,404,,,,
20,14,Maine,New England,2004,488,,,,
20,15,Maine,New England,2005,567,,,,
20,16,Maine,New England,2006,513,,,,
20,17,Maine,New England,2007,556,,,,
20,18,Maine,New England,2008,573,,,,
20,19,Maine,New England,2009,894,,,,
20,20,Maine,New England,2010,541,,,,
20,21,Maine,New England,2011,780,,,,
20,22,Maine,New England,2012,732,,,,
20,23,Maine,New England,2013,924,,,,
20,24,Maine,New England,2014,715,,,,
21,1,Maryland,Mideast,1991,736,,,,
21,2,Maryland,Mideast,1992,832,,,,
21,3,Maryland,Mideast,1993,988,,,,
21,4,Maryland,Mideast,1994,1080,,,,
21,5,Maryland,Mideast,1995,1081,,,,
21,6,Maryland,Mideast,1996,1076,,,,
21,7,Maryland,Mideast,1997,1063,,,,
21,8,Maryland,Mideast,1998,1127,,,,
21,9,Maryland,Mideast,1999,1268,,,,
21,10,Maryland,Mideast,2000,1167,,,,
21,11,Maryland,Mideast,2001,1293,,,,
21,12,Maryland,Mideast,2002,1418,,,,
21,13,Maryland,Mideast,2003,1646,,,,
21,14,Maryland,Mideast,2004,1779,,,,
21,15,Maryland,Mideast,2005,1848,,,,
21,16,Maryland,Mideast,2006,1902,,,,
21,17,Maryland,Mideast,2007,2051,,,,
21,18,Maryland,Mideast,2008,2139,,,,
21,19,Maryland,Mideast,2009,2387,,,,
21,20,Maryland,Mideast,2010,2703,,,,
21,21,Maryland,Mideast,2011,2704,,,,
21,22,Maryland,Mideast,2012,2724,,,,
21,23,Maryland,Mideast,2013,2834,,,,
21,24,Maryland,Mideast,2014,3753,,,,
22,1,Massachusetts,New England,1991,1146,,,,
22,2,Massachusetts,New England,1992,1314,,,,
22,3,Massachusetts,New England,1993,1315,,,,
22,4,Massachusetts,New England,1994,1504,,,,
22,5,Massachusetts,New England,1995,1667,,,,
22,6,Massachusetts,New England,1996,1739,,,,
22,7,Massachusetts,New England,1997,2122,,,,
22,8,Massachusetts,New England,1998,2294,,,,
22,9,Massachusetts,New England,1999,2481,,,,
22,10,Massachusetts,New England,2000,2496,,,,
22,11,Massachusetts,New England,2001,2675,,,,
22,12,Massachusetts,New England,2002,3115,,,,
22,13,Massachusetts,New England,2003,2856,,,,
22,14,Massachusetts,New England,2004,3278,,,,
22,15,Massachusetts,New England,2005,3845,,,,
22,16,Massachusetts,New England,2006,3426,,,,
22,17,Massachusetts,New England,2007,3774,,,,
22,18,Massachusetts,New England,2008,4005,,,,
22,19,Massachusetts,New England,2009,4193,,,,
22,20,Massachusetts,New England,2010,4211,,,,
22,21,Massachusetts,New England,2011,4109,,,,
22,22,Massachusetts,New England,2012,4541,,,,
22,23,Massachusetts,New England,2013,4019,,,,
22,24,Massachusetts,New England,2014,4537,,,,
23,1,Michigan,Great Lakes,1991,1214,,,,
23,2,Michigan,Great Lakes,1992,1414,,,,
23,3,Michigan,Great Lakes,1993,1607,,,,
23,4,Michigan,Great Lakes,1994,1743,,,,
23,5,Michigan,Great Lakes,1995,1941,,,,
23,6,Michigan,Great Lakes,1996,1956,,,,
23,7,Michigan,Great Lakes,1997,2397,,,,
23,8,Michigan,Great Lakes,1998,1633,,,,
23,9,Michigan,Great Lakes,1999,3242,,,,
23,10,Michigan,Great Lakes,2000,2891,,,,
23,11,Michigan,Great Lakes,2001,2676,,,,
23,12,Michigan,Great Lakes,2002,2670,,,,
23,13,Michigan,Great Lakes,2003,2898,,,,
23,14,Michigan,Great Lakes,2004,2888,,,,
23,15,Michigan,Great Lakes,2005,3278,,,,
23,16,Michigan,Great Lakes,2006,3334,,,,
23,17,Michigan,Great Lakes,2007,3932,,,,
23,18,Michigan,Great Lakes,2008,4070,,,,
23,19,Michigan,Great Lakes,2009,4469,,,,
23,20,Michigan,Great Lakes,2010,4832,,,,
23,21,Michigan,Great Lakes,2011,4638,,,,
23,22,Michigan,Great Lakes,2012,4635,,,,
23,23,Michigan,Great Lakes,2013,4556,,,,
23,24,Michigan,Great Lakes,2014,4954,,,,
24,1,Minnesota,Plains,1991,567,,,,
24,2,Minnesota,Plains,1992,591,,,,
24,3,Minnesota,Plains,1993,619,,,,
24,4,Minnesota,Plains,1994,617,,,,
24,5,Minnesota,Plains,1995,654,,,,
24,6,Minnesota,Plains,1996,673,,,,
24,7,Minnesota,Plains,1997,679,,,,
24,8,Minnesota,Plains,1998,708,,,,
24,9,Minnesota,Plains,1999,723,,,,
24,10,Minnesota,Plains,2000,803,,,,
24,11,Minnesota,Plains,2001,920,,,,
24,12,Minnesota,Plains,2002,1204,,,,
24,13,Minnesota,Plains,2003,1023,,,,
24,14,Minnesota,Plains,2004,1260,,,,
24,15,Minnesota,Plains,2005,1230,,,,
24,16,Minnesota,Plains,2006,1435,,,,
24,17,Minnesota,Plains,2007,1683,,,,
24,18,Minnesota,Plains,2008,1739,,,,
24,19,Minnesota,Plains,2009,1998,,,,
24,20,Minnesota,Plains,2010,2271,,,,
24,21,Minnesota,Plains,2011,2298,,,,
24,22,Minnesota,Plains,2012,2546,,,,
24,23,Minnesota,Plains,2013,2703,,,,
24,24,Minnesota,Plains,2014,3053,,,,
25,1,Mississippi,Southeast,1991,373,,,,
25,2,Mississippi,Southeast,1992,385,,,,
25,3,Mississippi,Southeast,1993,463,,,,
25,4,Mississippi,Southeast,1994,544,,,,
25,5,Mississippi,Southeast,1995,650,,,,
25,6,Mississippi,Southeast,1996,739,,,,
25,7,Mississippi,Southeast,1997,751,,,,
25,8,Mississippi,Southeast,1998,760,,,,
25,9,Mississippi,Southeast,1999,736,,,,
25,10,Mississippi,Southeast,2000,783,,,,
25,11,Mississippi,Southeast,2001,986,,,,
25,12,Mississippi,Southeast,2002,1129,,,,
25,13,Mississippi,Southeast,2003,1135,,,,
25,14,Mississippi,Southeast,2004,1400,,,,
25,15,Mississippi,Southeast,2005,1204,,,,
25,16,Mississippi,Southeast,2006,1411,,,,
25,17,Mississippi,Southeast,2007,1561,,,,
25,18,Mississippi,Southeast,2008,1517,,,,
25,19,Mississippi,Southeast,2009,1574,,,,
25,20,Mississippi,Southeast,2010,2008,,,,
25,21,Mississippi,Southeast,2011,2009,,,,
25,22,Mississippi,Southeast,2012,2071,,,,
25,23,Mississippi,Southeast,2013,2258,,,,
25,24,Mississippi,Southeast,2014,2313,,,,
26,1,Missouri,Plains,1991,457,,,,
26,2,Missouri,Plains,1992,951,,,,
26,3,Missouri,Plains,1993,980,,,,
26,4,Missouri,Plains,1994,1106,,,,
26,5,Missouri,Plains,1995,1169,,,,
26,6,Missouri,Plains,1996,1228,,,,
26,7,Missouri,Plains,1997,1325,,,,
26,8,Missouri,Plains,1998,1460,,,,
26,9,Missouri,Plains,1999,1663,,,,
26,10,Missouri,Plains,2000,1908,,,,
26,11,Missouri,Plains,2001,2085,,,,
26,12,Missouri,Plains,2002,2231,,,,
26,13,Missouri,Plains,2003,2465,,,,
26,14,Missouri,Plains,2004,2644,,,,
26,15,Missouri,Plains,2005,2986,,,,
26,16,Missouri,Plains,2006,3318,,,,
26,17,Missouri,Plains,2007,3463,,,,
26,18,Missouri,Plains,2008,3582,,,,
26,19,Missouri,Plains,2009,3917,,,,
26,20,Missouri,Plains,2010,3872,,,,
26,21,Missouri,Plains,2011,3851,,,,
26,22,Missouri,Plains,2012,4175,,,,
26,23,Missouri,Plains,2013,4101,,,,
26,24,Missouri,Plains,2014,4004,,,,
27,1,Montana,Rocky Mountains,1991,109,,,,
27,2,Montana,Rocky Mountains,1992,117,,,,
27,3,Montana,Rocky Mountains,1993,138,,,,
27,4,Montana,Rocky Mountains,1994,142,,,,
27,5,Montana,Rocky Mountains,1995,138,,,,
27,6,Montana,Rocky Mountains,1996,145,,,,
27,7,Montana,Rocky Mountains,1997,147,,,,
27,8,Montana,Rocky Mountains,1998,187,,,,
27,9,Montana,Rocky Mountains,1999,139,,,,
27,10,Montana,Rocky Mountains,2000,179,,,,
27,11,Montana,Rocky Mountains,2001,180,,,,
27,12,Montana,Rocky Mountains,2002,171,,,,
27,13,Montana,Rocky Mountains,2003,185,,,,
27,14,Montana,Rocky Mountains,2004,240,,,,
27,15,Montana,Rocky Mountains,2005,260,,,,
27,16,Montana,Rocky Mountains,2006,288,,,,
27,17,Montana,Rocky Mountains,2007,294,,,,
27,18,Montana,Rocky Mountains,2008,308,,,,
27,19,Montana,Rocky Mountains,2009,339,,,,
27,20,Montana,Rocky Mountains,2010,439,,,,
27,21,Montana,Rocky Mountains,2011,285,,,,
27,22,Montana,Rocky Mountains,2012,375,,,,
27,23,Montana,Rocky Mountains,2013,392,,,,
27,24,Montana,Rocky Mountains,2014,413,,,,
28,1,Nebraska,Plains,1991,130,,,,
28,2,Nebraska,Plains,1992,166,,,,
28,3,Nebraska,Plains,1993,219,,,,
28,4,Nebraska,Plains,1994,233,,,,
28,5,Nebraska,Plains,1995,235,,,,
28,6,Nebraska,Plains,1996,264,,,,
28,7,Nebraska,Plains,1997,262,,,,
28,8,Nebraska,Plains,1998,333,,,,
28,9,Nebraska,Plains,1999,341,,,,
28,10,Nebraska,Plains,2000,336,,,,
28,11,Nebraska,Plains,2001,383,,,,
28,12,Nebraska,Plains,2002,415,,,,
28,13,Nebraska,Plains,2003,423,,,,
28,14,Nebraska,Plains,2004,421,,,,
28,15,Nebraska,Plains,2005,456,,,,
28,16,Nebraska,Plains,2006,475,,,,
28,17,Nebraska,Plains,2007,506,,,,
28,18,Nebraska,Plains,2008,499,,,,
28,19,Nebraska,Plains,2009,539,,,,
28,20,Nebraska,Plains,2010,563,,,,
28,21,Nebraska,Plains,2011,515,,,,
28,22,Nebraska,Plains,2012,561,,,,
28,23,Nebraska,Plains,2013,533,,,,
28,24,Nebraska,Plains,2014,558,,,,
29,1,Nevada,Far West,1991,109,,,,
29,2,Nevada,Far West,1992,136,,,,
29,3,Nevada,Far West,1993,150,,,,
29,4,Nevada,Far West,1994,174,,,,
29,5,Nevada,Far West,1995,202,,,,
29,6,Nevada,Far West,1996,209,,,,
29,7,Nevada,Far West,1997,204,,,,
29,8,Nevada,Far West,1998,217,,,,
29,9,Nevada,Far West,1999,215,,,,
29,10,Nevada,Far West,2000,231,,,,
29,11,Nevada,Far West,2001,275,,,,
29,12,Nevada,Far West,2002,314,,,,
29,13,Nevada,Far West,2003,382,,,,
29,14,Nevada,Far West,2004,439,,,,
29,15,Nevada,Far West,2005,449,,,,
29,16,Nevada,Far West,2006,464,,,,
29,17,Nevada,Far West,2007,502,,,,
29,18,Nevada,Far West,2008,500,,,,
29,19,Nevada,Far West,2009,525,,,,
29,20,Nevada,Far West,2010,523,,,,
29,21,Nevada,Far West,2011,536,,,,
29,22,Nevada,Far West,2012,803,,,,
29,23,Nevada,Far West,2013,674,,,,
29,24,Nevada,Far West,2014,928,,,,
30,1,New Hampshire,New England,1991,70,,,,
30,2,New Hampshire,New England,1992,132,,,,
30,3,New Hampshire,New England,1993,160,,,,
30,4,New Hampshire,New England,1994,178,,,,
30,5,New Hampshire,New England,1995,206,,,,
30,6,New Hampshire,New England,1996,168,,,,
30,7,New Hampshire,New England,1997,141,,,,
30,8,New Hampshire,New England,1998,172,,,,
30,9,New Hampshire,New England,1999,188,,,,
30,10,New Hampshire,New England,2000,214,,,,
30,11,New Hampshire,New England,2001,227,,,,
30,12,New Hampshire,New England,2002,261,,,,
30,13,New Hampshire,New England,2003,309,,,,
30,14,New Hampshire,New England,2004,365,,,,
30,15,New Hampshire,New England,2005,354,,,,
30,16,New Hampshire,New England,2006,347,,,,
30,17,New Hampshire,New England,2007,408,,,,
30,18,New Hampshire,New England,2008,398,,,,
30,19,New Hampshire,New England,2009,425,,,,
30,20,New Hampshire,New England,2010,420,,,,
30,21,New Hampshire,New England,2011,250,,,,
30,22,New Hampshire,New England,2012,261,,,,
30,23,New Hampshire,New England,2013,280,,,,
30,24,New Hampshire,New England,2014,313,,,,
31,1,New Jersey,Mideast,1991,1218,,,,
31,2,New Jersey,Mideast,1992,1462,,,,
31,3,New Jersey,Mideast,1993,1667,,,,
31,4,New Jersey,Mideast,1994,1840,,,,
31,5,New Jersey,Mideast,1995,1988,,,,
31,6,New Jersey,Mideast,1996,1995,,,,
31,7,New Jersey,Mideast,1997,2033,,,,
31,8,New Jersey,Mideast,1998,2020,,,,
31,9,New Jersey,Mideast,1999,2089,,,,
31,10,New Jersey,Mideast,2000,2143,,,,
31,11,New Jersey,Mideast,2001,2298,,,,
31,12,New Jersey,Mideast,2002,2503,,,,
31,13,New Jersey,Mideast,2003,2722,,,,
31,14,New Jersey,Mideast,2004,2656,,,,
31,15,New Jersey,Mideast,2005,2985,,,,
31,16,New Jersey,Mideast,2006,3413,,,,
31,17,New Jersey,Mideast,2007,3449,,,,
31,18,New Jersey,Mideast,2008,3462,,,,
31,19,New Jersey,Mideast,2009,3390,,,,
31,20,New Jersey,Mideast,2010,3457,,,,
31,21,New Jersey,Mideast,2011,3557,,,,
31,22,New Jersey,Mideast,2012,3838,,,,
31,23,New Jersey,Mideast,2013,3773,,,,
31,24,New Jersey,Mideast,2014,4661,,,,
32,1,New Mexico,Southwest,1991,167,,,,
32,2,New Mexico,Southwest,1992,191,,,,
32,3,New Mexico,Southwest,1993,223,,,,
32,4,New Mexico,Southwest,1994,253,,,,
32,5,New Mexico,Southwest,1995,278,,,,
32,6,New Mexico,Southwest,1996,324,,,,
32,7,New Mexico,Southwest,1997,331,,,,
32,8,New Mexico,Southwest,1998,405,,,,
32,9,New Mexico,Southwest,1999,408,,,,
32,10,New Mexico,Southwest,2000,545,,,,
32,11,New Mexico,Southwest,2001,643,,,,
32,12,New Mexico,Southwest,2002,761,,,,
32,13,New Mexico,Southwest,2003,797,,,,
32,14,New Mexico,Southwest,2004,941,,,,
32,15,New Mexico,Southwest,2005,1014,,,,
32,16,New Mexico,Southwest,2006,1101,,,,
32,17,New Mexico,Southwest,2007,1350,,,,
32,18,New Mexico,Southwest,2008,1505,,,,
32,19,New Mexico,Southwest,2009,1541,,,,
32,20,New Mexico,Southwest,2010,1622,,,,
32,21,New Mexico,Southwest,2011,1496,,,,
32,22,New Mexico,Southwest,2012,1381,,,,
32,23,New Mexico,Southwest,2013,1289,,,,
32,24,New Mexico,Southwest,2014,1934,,,,
33,1,New York,Mideast,1991,7391,,,,
33,2,New York,Mideast,1992,8148,,,,
33,3,New York,Mideast,1993,8236,,,,
33,4,New York,Mideast,1994,8951,,,,
33,5,New York,Mideast,1995,9483,,,,
33,6,New York,Mideast,1996,9560,,,,
33,7,New York,Mideast,1997,8506,,,,
33,8,New York,Mideast,1998,9568,,,,
33,9,New York,Mideast,1999,10130,,,,
33,10,New York,Mideast,2000,10679,,,,
33,11,New York,Mideast,2001,10753,,,,
33,12,New York,Mideast,2002,12876,,,,
33,13,New York,Mideast,2003,13798,,,,
33,14,New York,Mideast,2004,14257,,,,
33,15,New York,Mideast,2005,14384,,,,
33,16,New York,Mideast,2006,15894,,,,
33,17,New York,Mideast,2007,15915,,,,
33,18,New York,Mideast,2008,16169,,,,
33,19,New York,Mideast,2009,17173,,,,
33,20,New York,Mideast,2010,17397,,,,
33,21,New York,Mideast,2011,17851,,,,
33,22,New York,Mideast,2012,17503,,,,
33,23,New York,Mideast,2013,17445,,,,
33,24,New York,Mideast,2014,17436,,,,
34,1,North Carolina,Southeast,1991,696,,,,
34,2,North Carolina,Southeast,1992,823,,,,
34,3,North Carolina,Southeast,1993,950,,,,
34,4,North Carolina,Southeast,1994,1030,,,,
34,5,North Carolina,Southeast,1995,1319,,,,
34,6,North Carolina,Southeast,1996,1434,,,,
34,7,North Carolina,Southeast,1997,1508,,,,
34,8,North Carolina,Southeast,1998,1499,,,,
34,9,North Carolina,Southeast,1999,1605,,,,
34,10,North Carolina,Southeast,2000,1811,,,,
34,11,North Carolina,Southeast,2001,2114,,,,
34,12,North Carolina,Southeast,2002,2065,,,,
34,13,North Carolina,Southeast,2003,2005,,,,
34,14,North Carolina,Southeast,2004,2462,,,,
34,15,North Carolina,Southeast,2005,2622,,,,
34,16,North Carolina,Southeast,2006,2985,,,,
34,17,North Carolina,Southeast,2007,2899,,,,
34,18,North Carolina,Southeast,2008,3094,,,,
34,19,North Carolina,Southeast,2009,3476,,,,
34,20,North Carolina,Southeast,2010,3304,,,,
34,21,North Carolina,Southeast,2011,3976,,,,
34,22,North Carolina,Southeast,2012,4266,,,,
34,23,North Carolina,Southeast,2013,4556,,,,
34,24,North Carolina,Southeast,2014,4946,,,,
35,1,North Dakota,Plains,1991,80,,,,
35,2,North Dakota,Plains,1992,87,,,,
35,3,North Dakota,Plains,1993,98,,,,
35,4,North Dakota,Plains,1994,103,,,,
35,5,North Dakota,Plains,1995,118,,,,
35,6,North Dakota,Plains,1996,130,,,,
35,7,North Dakota,Plains,1997,129,,,,
35,8,North Dakota,Plains,1998,131,,,,
35,9,North Dakota,Plains,1999,120,,,,
35,10,North Dakota,Plains,2000,146,,,,
35,11,North Dakota,Plains,2001,135,,,,
35,12,North Dakota,Plains,2002,161,,,,
35,13,North Dakota,Plains,2003,160,,,,
35,14,North Dakota,Plains,2004,162,,,,
35,15,North Dakota,Plains,2005,163,,,,
35,16,North Dakota,Plains,2006,177,,,,
35,17,North Dakota,Plains,2007,175,,,,
35,18,North Dakota,Plains,2008,189,,,,
35,19,North Dakota,Plains,2009,216,,,,
35,20,North Dakota,Plains,2010,230,,,,
35,21,North Dakota,Plains,2011,226,,,,
35,22,North Dakota,Plains,2012,264,,,,
35,23,North Dakota,Plains,2013,277,,,,
35,24,North Dakota,Plains,2014,365,,,,
36,1,Ohio,Great Lakes,1991,1824,,,,
36,2,Ohio,Great Lakes,1992,2082,,,,
36,3,Ohio,Great Lakes,1993,2278,,,,
36,4,Ohio,Great Lakes,1994,2399,,,,
36,5,Ohio,Great Lakes,1995,2429,,,,
36,6,Ohio,Great Lakes,1996,2388,,,,
36,7,Ohio,Great Lakes,1997,2410,,,,
36,8,Ohio,Great Lakes,1998,2346,,,,
36,9,Ohio,Great Lakes,1999,2274,,,,
36,10,Ohio,Great Lakes,2000,2569,,,,
36,11,Ohio,Great Lakes,2001,2764,,,,
36,12,Ohio,Great Lakes,2002,3038,,,,
36,13,Ohio,Great Lakes,2003,3333,,,,
36,14,Ohio,Great Lakes,2004,3496,,,,
36,15,Ohio,Great Lakes,2005,3956,,,,
36,16,Ohio,Great Lakes,2006,4128,,,,
36,17,Ohio,Great Lakes,2007,4533,,,,
36,18,Ohio,Great Lakes,2008,4548,,,,
36,19,Ohio,Great Lakes,2009,5070,,,,
36,20,Ohio,Great Lakes,2010,5146,,,,
36,21,Ohio,Great Lakes,2011,5196,,,,
36,22,Ohio,Great Lakes,2012,4955,,,,
36,23,Ohio,Great Lakes,2013,5479,,,,
36,24,Ohio,Great Lakes,2014,5608,,,,
37,1,Oklahoma,Southwest,1991,350,,,,
37,2,Oklahoma,Southwest,1992,429,,,,
37,3,Oklahoma,Southwest,1993,414,,,,
37,4,Oklahoma,Southwest,1994,379,,,,
37,5,Oklahoma,Southwest,1995,389,,,,
37,6,Oklahoma,Southwest,1996,411,,,,
37,7,Oklahoma,Southwest,1997,418,,,,
37,8,Oklahoma,Southwest,1998,439,,,,
37,9,Oklahoma,Southwest,1999,495,,,,
37,10,Oklahoma,Southwest,2000,624,,,,
37,11,Oklahoma,Southwest,2001,790,,,,
37,12,Oklahoma,Southwest,2002,812,,,,
37,13,Oklahoma,Southwest,2003,826,,,,
37,14,Oklahoma,Southwest,2004,757,,,,
37,15,Oklahoma,Southwest,2005,800,,,,
37,16,Oklahoma,Southwest,2006,999,,,,
37,17,Oklahoma,Southwest,2007,1161,,,,
37,18,Oklahoma,Southwest,2008,1241,,,,
37,19,Oklahoma,Southwest,2009,1334,,,,
37,20,Oklahoma,Southwest,2010,1449,,,,
37,21,Oklahoma,Southwest,2011,1472,,,,
37,22,Oklahoma,Southwest,2012,1922,,,,
37,23,Oklahoma,Southwest,2013,1839,,,,
37,24,Oklahoma,Southwest,2014,1952,,,,
38,1,Oregon,Far West,1991,190,,,,
38,2,Oregon,Far West,1992,228,,,,
38,3,Oregon,Far West,1993,263,,,,
38,4,Oregon,Far West,1994,319,,,,
38,5,Oregon,Far West,1995,449,,,,
38,6,Oregon,Far West,1996,471,,,,
38,7,Oregon,Far West,1997,533,,,,
38,8,Oregon,Far West,1998,676,,,,
38,9,Oregon,Far West,1999,695,,,,
38,10,Oregon,Far West,2000,706,,,,
38,11,Oregon,Far West,2001,768,,,,
38,12,Oregon,Far West,2002,850,,,,
38,13,Oregon,Far West,2003,762,,,,
38,14,Oregon,Far West,2004,887,,,,
38,15,Oregon,Far West,2005,937,,,,
38,16,Oregon,Far West,2006,908,,,,
38,17,Oregon,Far West,2007,965,,,,
38,18,Oregon,Far West,2008,1117,,,,
38,19,Oregon,Far West,2009,1148,,,,
38,20,Oregon,Far West,2010,1193,,,,
38,21,Oregon,Far West,2011,1336,,,,
38,22,Oregon,Far West,2012,1637,,,,
38,23,Oregon,Far West,2013,1596,,,,
38,24,Oregon,Far West,2014,2736,,,,
39,1,Pennsylvania,Mideast,1991,1150,,,,
39,2,Pennsylvania,Mideast,1992,1915,,,,
39,3,Pennsylvania,Mideast,1993,1886,,,,
39,4,Pennsylvania,Mideast,1994,2138,,,,
39,5,Pennsylvania,Mideast,1995,2252,,,,
39,6,Pennsylvania,Mideast,1996,2500,,,,
39,7,Pennsylvania,Mideast,1997,2787,,,,
39,8,Pennsylvania,Mideast,1998,2506,,,,
39,9,Pennsylvania,Mideast,1999,2835,,,,
39,10,Pennsylvania,Mideast,2000,2933,,,,
39,11,Pennsylvania,Mideast,2001,2925,,,,
39,12,Pennsylvania,Mideast,2002,3246,,,,
39,13,Pennsylvania,Mideast,2003,3141,,,,
39,14,Pennsylvania,Mideast,2004,3440,,,,
39,15,Pennsylvania,Mideast,2005,4000,,,,
39,16,Pennsylvania,Mideast,2006,4429,,,,
39,17,Pennsylvania,Mideast,2007,5090,,,,
39,18,Pennsylvania,Mideast,2008,5072,,,,
39,19,Pennsylvania,Mideast,2009,5469,,,,
39,20,Pennsylvania,Mideast,2010,5911,,,,
39,21,Pennsylvania,Mideast,2011,6757,,,,
39,22,Pennsylvania,Mideast,2012,6383,,,,
39,23,Pennsylvania,Mideast,2013,6672,,,,
39,24,Pennsylvania,Mideast,2014,6803,,,,
40,1,Rhode Island,New England,1991,190,,,,
40,2,Rhode Island,New England,1992,275,,,,
40,3,Rhode Island,New England,1993,225,,,,
40,4,Rhode Island,New England,1994,264,,,,
40,5,Rhode Island,New England,1995,277,,,,
40,6,Rhode Island,New England,1996,230,,,,
40,7,Rhode Island,New England,1997,372,,,,
40,8,Rhode Island,New England,1998,325,,,,
40,9,Rhode Island,New England,1999,338,,,,
40,10,Rhode Island,New England,2000,297,,,,
40,11,Rhode Island,New England,2001,455,,,,
40,12,Rhode Island,New England,2002,441,,,,
40,13,Rhode Island,New England,2003,421,,,,
40,14,Rhode Island,New England,2004,545,,,,
40,15,Rhode Island,New England,2005,546,,,,
40,16,Rhode Island,New England,2006,620,,,,
40,17,Rhode Island,New England,2007,481,,,,
40,18,Rhode Island,New England,2008,644,,,,
40,19,Rhode Island,New England,2009,715,,,,
40,20,Rhode Island,New England,2010,742,,,,
40,21,Rhode Island,New England,2011,788,,,,
40,22,Rhode Island,New England,2012,670,,,,
40,23,Rhode Island,New England,2013,652,,,,
40,24,Rhode Island,New England,2014,1035,,,,
41,1,South Carolina,Southeast,1991,537,,,,
41,2,South Carolina,Southeast,1992,651,,,,
41,3,South Carolina,Southeast,1993,716,,,,
41,4,South Carolina,Southeast,1994,728,,,,
41,5,South Carolina,Southeast,1995,707,,,,
41,6,South Carolina,Southeast,1996,638,,,,
41,7,South Carolina,Southeast,1997,609,,,,
41,8,South Carolina,Southeast,1998,691,,,,
41,9,South Carolina,Southeast,1999,720,,,,
41,10,South Carolina,Southeast,2000,865,,,,
41,11,South Carolina,Southeast,2001,932,,,,
41,12,South Carolina,Southeast,2002,1071,,,,
41,13,South Carolina,Southeast,2003,889,,,,
41,14,South Carolina,Southeast,2004,1309,,,,
41,15,South Carolina,Southeast,2005,1498,,,,
41,16,South Carolina,Southeast,2006,1598,,,,
41,17,South Carolina,Southeast,2007,1550,,,,
41,18,South Carolina,Southeast,2008,1750,,,,
41,19,South Carolina,Southeast,2009,2142,,,,
41,20,South Carolina,Southeast,2010,2056,,,,
41,21,South Carolina,Southeast,2011,1841,,,,
41,22,South Carolina,Southeast,2012,1759,,,,
41,23,South Carolina,Southeast,2013,1827,,,,
41,24,South Carolina,Southeast,2014,1972,,,,
42,1,South Dakota,Plains,1991,113,,,,
42,2,South Dakota,Plains,1992,76,,,,
42,3,South Dakota,Plains,1993,86,,,,
42,4,South Dakota,Plains,1994,89,,,,
42,5,South Dakota,Plains,1995,91,,,,
42,6,South Dakota,Plains,1996,96,,,,
42,7,South Dakota,Plains,1997,105,,,,
42,8,South Dakota,Plains,1998,113,,,,
42,9,South Dakota,Plains,1999,114,,,,
42,10,South Dakota,Plains,2000,131,,,,
42,11,South Dakota,Plains,2001,135,,,,
42,12,South Dakota,Plains,2002,196,,,,
42,13,South Dakota,Plains,2003,181,,,,
42,14,South Dakota,Plains,2004,198,,,,
42,15,South Dakota,Plains,2005,190,,,,
42,16,South Dakota,Plains,2006,199,,,,
42,17,South Dakota,Plains,2007,214,,,,
42,18,South Dakota,Plains,2008,222,,,,
42,19,South Dakota,Plains,2009,247,,,,
42,20,South Dakota,Plains,2010,273,,,,
42,21,South Dakota,Plains,2011,238,,,,
42,22,South Dakota,Plains,2012,252,,,,
42,23,South Dakota,Plains,2013,267,,,,
42,24,South Dakota,Plains,2014,266,,,,
43,1,Tennessee,Southeast,1991,538,,,,
43,2,Tennessee,Southeast,1992,839,,,,
43,3,Tennessee,Southeast,1993,913,,,,
43,4,Tennessee,Southeast,1994,1149,,,,
43,5,Tennessee,Southeast,1995,1199,,,,
43,6,Tennessee,Southeast,1996,1246,,,,
43,7,Tennessee,Southeast,1997,1505,,,,
43,8,Tennessee,Southeast,1998,1504,,,,
43,9,Tennessee,Southeast,1999,1706,,,,
43,10,Tennessee,Southeast,2000,2055,,,,
43,11,Tennessee,Southeast,2001,2180,,,,
43,12,Tennessee,Southeast,2002,2094,,,,
43,13,Tennessee,Southeast,2003,2094,,,,
43,14,Tennessee,Southeast,2004,2166,,,,
43,15,Tennessee,Southeast,2005,2241,,,,
43,16,Tennessee,Southeast,2006,2102,,,,
43,17,Tennessee,Southeast,2007,2442,,,,
43,18,Tennessee,Southeast,2008,2569,,,,
43,19,Tennessee,Southeast,2009,2456,,,,
43,20,Tennessee,Southeast,2010,3247,,,,
43,21,Tennessee,Southeast,2011,3034,,,,
43,22,Tennessee,Southeast,2012,3347,,,,
43,23,Tennessee,Southeast,2013,3447,,,,
43,24,Tennessee,Southeast,2014,3197,,,,
44,1,Texas,Southwest,1991,1802,,,,
44,2,Texas,Southwest,1992,2679,,,,
44,3,Texas,Southwest,1993,3251,,,,
44,4,Texas,Southwest,1994,3636,,,,
44,5,Texas,Southwest,1995,3723,,,,
44,6,Texas,Southwest,1996,3839,,,,
44,7,Texas,Southwest,1997,3602,,,,
44,8,Texas,Southwest,1998,3717,,,,
44,9,Texas,Southwest,1999,3787,,,,
44,10,Texas,Southwest,2000,3763,,,,
44,11,Texas,Southwest,2001,3960,,,,
44,12,Texas,Southwest,2002,4545,,,,
44,13,Texas,Southwest,2003,4873,,,,
44,14,Texas,Southwest,2004,5565,,,,
44,15,Texas,Southwest,2005,6766,,,,
44,16,Texas,Southwest,2006,6741,,,,
44,17,Texas,Southwest,2007,7938,,,,
44,18,Texas,Southwest,2008,8217,,,,
44,19,Texas,Southwest,2009,9540,,,,
44,20,Texas,Southwest,2010,10472,,,,
44,21,Texas,Southwest,2011,10628,,,,
44,22,Texas,Southwest,2012,10494,,,,
44,23,Texas,Southwest,2013,10936,,,,
44,24,Texas,Southwest,2014,12047,,,,
45,1,Utah,Rocky Mountains,1991,152,,,,
45,2,Utah,Rocky Mountains,1992,168,,,,
45,3,Utah,Rocky Mountains,1993,190,,,,
45,4,Utah,Rocky Mountains,1994,198,,,,
45,5,Utah,Rocky Mountains,1995,201,,,,
45,6,Utah,Rocky Mountains,1996,214,,,,
45,7,Utah,Rocky Mountains,1997,215,,,,
45,8,Utah,Rocky Mountains,1998,218,,,,
45,9,Utah,Rocky Mountains,1999,207,,,,
45,10,Utah,Rocky Mountains,2000,221,,,,
45,11,Utah,Rocky Mountains,2001,224,,,,
45,12,Utah,Rocky Mountains,2002,298,,,,
45,13,Utah,Rocky Mountains,2003,352,,,,
45,14,Utah,Rocky Mountains,2004,426,,,,
45,15,Utah,Rocky Mountains,2005,440,,,,
45,16,Utah,Rocky Mountains,2006,549,,,,
45,17,Utah,Rocky Mountains,2007,480,,,,
45,18,Utah,Rocky Mountains,2008,526,,,,
45,19,Utah,Rocky Mountains,2009,632,,,,
45,20,Utah,Rocky Mountains,2010,682,,,,
45,21,Utah,Rocky Mountains,2011,766,,,,
45,22,Utah,Rocky Mountains,2012,844,,,,
45,23,Utah,Rocky Mountains,2013,805,,,,
45,24,Utah,Rocky Mountains,2014,754,,,,
46,1,Vermont,New England,1991,56,,,,
46,2,Vermont,New England,1992,56,,,,
46,3,Vermont,New England,1993,60,,,,
46,4,Vermont,New England,1994,68,,,,
46,5,Vermont,New England,1995,73,,,,
46,6,Vermont,New England,1996,73,,,,
46,7,Vermont,New England,1997,73,,,,
46,8,Vermont,New England,1998,88,,,,
46,9,Vermont,New England,1999,93,,,,
46,10,Vermont,New England,2000,108,,,,
46,11,Vermont,New England,2001,118,,,,
46,12,Vermont,New England,2002,134,,,,
46,13,Vermont,New England,2003,142,,,,
46,14,Vermont,New England,2004,157,,,,
46,15,Vermont,New England,2005,205,,,,
46,16,Vermont,New England,2006,309,,,,
46,17,Vermont,New England,2007,327,,,,
46,18,Vermont,New England,2008,311,,,,
46,19,Vermont,New England,2009,327,,,,
46,20,Vermont,New England,2010,335,,,,
46,21,Vermont,New England,2011,339,,,,
46,22,Vermont,New England,2012,356,,,,
46,23,Vermont,New England,2013,409,,,,
46,24,Vermont,New England,2014,409,,,,
47,1,Virginia,Southeast,1991,507,,,,
47,2,Virginia,Southeast,1992,506,,,,
47,3,Virginia,Southeast,1993,620,,,,
47,4,Virginia,Southeast,1994,660,,,,
47,5,Virginia,Southeast,1995,708,,,,
47,6,Virginia,Southeast,1996,722,,,,
47,7,Virginia,Southeast,1997,784,,,,
47,8,Virginia,Southeast,1998,805,,,,
47,9,Virginia,Southeast,1999,828,,,,
47,10,Virginia,Southeast,2000,944,,,,
47,11,Virginia,Southeast,2001,1081,,,,
47,12,Virginia,Southeast,2002,1110,,,,
47,13,Virginia,Southeast,2003,1245,,,,
47,14,Virginia,Southeast,2004,1332,,,,
47,15,Virginia,Southeast,2005,1524,,,,
47,16,Virginia,Southeast,2006,1868,,,,
47,17,Virginia,Southeast,2007,1994,,,,
47,18,Virginia,Southeast,2008,1830,,,,
47,19,Virginia,Southeast,2009,1855,,,,
47,20,Virginia,Southeast,2010,2098,,,,
47,21,Virginia,Southeast,2011,2264,,,,
47,22,Virginia,Southeast,2012,2235,,,,
47,23,Virginia,Southeast,2013,2283,,,,
47,24,Virginia,Southeast,2014,2178,,,,
48,1,Washington,Far West,1991,511,,,,
48,2,Washington,Far West,1992,588,,,,
48,3,Washington,Far West,1993,670,,,,
48,4,Washington,Far West,1994,749,,,,
48,5,Washington,Far West,1995,814,,,,
48,6,Washington,Far West,1996,873,,,,
48,7,Washington,Far West,1997,905,,,,
48,8,Washington,Far West,1998,955,,,,
48,9,Washington,Far West,1999,965,,,,
48,10,Washington,Far West,2000,1041,,,,
48,11,Washington,Far West,2001,1301,,,,
48,12,Washington,Far West,2002,1332,,,,
48,13,Washington,Far West,2003,1450,,,,
48,14,Washington,Far West,2004,1649,,,,
48,15,Washington,Far West,2005,1813,,,,
48,16,Washington,Far West,2006,1784,,,,
48,17,Washington,Far West,2007,1916,,,,
48,18,Washington,Far West,2008,2025,,,,
48,19,Washington,Far West,2009,2066,,,,
48,20,Washington,Far West,2010,2241,,,,
48,21,Washington,Far West,2011,2453,,,,
48,22,Washington,Far West,2012,2504,,,,
48,23,Washington,Far West,2013,2256,,,,
48,24,Washington,Far West,2014,2962,,,,
49,1,West Virginia,Southeast,1991,269,,,,
49,2,West Virginia,Southeast,1992,309,,,,
49,3,West Virginia,Southeast,1993,349,,,,
49,4,West Virginia,Southeast,1994,396,,,,
49,5,West Virginia,Southeast,1995,369,,,,
49,6,West Virginia,Southeast,1996,389,,,,
49,7,West Virginia,Southeast,1997,443,,,,
49,8,West Virginia,Southeast,1998,477,,,,
49,9,West Virginia,Southeast,1999,444,,,,
49,10,West Virginia,Southeast,2000,456,,,,
49,11,West Virginia,Southeast,2001,484,,,,
49,12,West Virginia,Southeast,2002,495,,,,
49,13,West Virginia,Southeast,2003,578,,,,
49,14,West Virginia,Southeast,2004,639,,,,
49,15,West Virginia,Southeast,2005,600,,,,
49,16,West Virginia,Southeast,2006,668,,,,
49,17,West Virginia,Southeast,2007,684,,,,
49,18,West Virginia,Southeast,2008,659,,,,
49,19,West Virginia,Southeast,2009,749,,,,
49,20,West Virginia,Southeast,2010,814,,,,
49,21,West Virginia,Southeast,2011,808,,,,
49,22,West Virginia,Southeast,2012,955,,,,
49,23,West Virginia,Southeast,2013,994,,,,
49,24,West Virginia,Southeast,2014,1156,,,,
50,1,Wisconsin,Great Lakes,1991,493,,,,
50,2,Wisconsin,Great Lakes,1992,504,,,,
50,3,Wisconsin,Great Lakes,1993,536,,,,
50,4,Wisconsin,Great Lakes,1994,584,,,,
50,5,Wisconsin,Great Lakes,1995,608,,,,
50,6,Wisconsin,Great Lakes,1996,625,,,,
50,7,Wisconsin,Great Lakes,1997,642,,,,
50,8,Wisconsin,Great Lakes,1998,618,,,,
50,9,Wisconsin,Great Lakes,1999,613,,,,
50,10,Wisconsin,Great Lakes,2000,718,,,,
50,11,Wisconsin,Great Lakes,2001,822,,,,
50,12,Wisconsin,Great Lakes,2002,919,,,,
50,13,Wisconsin,Great Lakes,2003,950,,,,
50,14,Wisconsin,Great Lakes,2004,966,,,,
50,15,Wisconsin,Great Lakes,2005,1000,,,,
50,16,Wisconsin,Great Lakes,2006,1066,,,,
50,17,Wisconsin,Great Lakes,2007,1135,,,,
50,18,Wisconsin,Great Lakes,2008,1170,,,,
50,19,Wisconsin,Great Lakes,2009,2367,,,,
50,20,Wisconsin,Great Lakes,2010,2078,,,,
50,21,Wisconsin,Great Lakes,2011,1936,,,,
50,22,Wisconsin,Great Lakes,2012,2046,,,,
50,23,Wisconsin,Great Lakes,2013,2084,,,,
50,24,Wisconsin,Great Lakes,2014,2090,,,,
51,1,Wyoming,Rocky Mountains,1991,40,,,,
51,2,Wyoming,Rocky Mountains,1992,49,,,,
51,3,Wyoming,Rocky Mountains,1993,54,,,,
51,4,Wyoming,Rocky Mountains,1994,47,,,,
51,5,Wyoming,Rocky Mountains,1995,46,,,,
51,6,Wyoming,Rocky Mountains,1996,48,,,,
51,7,Wyoming,Rocky Mountains,1997,41,,,,
51,8,Wyoming,Rocky Mountains,1998,45,,,,
51,9,Wyoming,Rocky Mountains,1999,48,,,,
51,10,Wyoming,Rocky Mountains,2000,52,,,,
51,11,Wyoming,Rocky Mountains,2001,72,,,,
51,12,Wyoming,Rocky Mountains,2002,65,,,,
51,13,Wyoming,Rocky Mountains,2003,86,,,,
51,14,Wyoming,Rocky Mountains,2004,112,,,,
51,15,Wyoming,Rocky Mountains,2005,124,,,,
51,16,Wyoming,Rocky Mountains,2006,136,,,,
51,17,Wyoming,Rocky Mountains,2007,141,,,,
51,18,Wyoming,Rocky Mountains,2008,159,,,,
51,19,Wyoming,Rocky Mountains,2009,175,,,,
51,20,Wyoming,Rocky Mountains,2010,171,,,,
51,21,Wyoming,Rocky Mountains,2011,165,,,,
51,22,Wyoming,Rocky Mountains,2012,168,,,,
51,23,Wyoming,Rocky Mountains,2013,180,,,,
51,24,Wyoming,Rocky Mountains,2014,175,,,,